1,1-5fb1f0a3-c04f-4e41-98bc-9d15d8837cdb,2022-03-13 18:28:53
3,1-f76d48b9-70b1-4c1d-8a2d-b7e555aea199,2022-03-13 19:32:46
4,1-b3af350a-e017-422f-a03e-8ddd3bdf4c98,2022-03-14 15:50:56
5,1-cec15882-42df-49e2-bdd9-ae3e40fba43c,2022-03-14 19:34:54
6,1-d5aba308-0839-4569-997c-a79eea172b40,2022-03-15 18:29:27
7,1-6d52b59e-f5c1-4183-b677-7321d2380ee9,2022-03-15 19:45:25
8,1-fe39348e-e6e4-414a-85ca-df351b988971,2022-03-16 18:16:28
9,1-868136fc-7435-4e70-b9df-cbb0487657e0,2022-03-16 19:07:05
10,1-f17846c9-5baa-40bb-ad7a-dcddb0474bb5,2022-03-17 17:56:44
11,1-f92cc288-f8c2-4334-b493-1d794727745c,2022-03-17 18:52:13
12,1-b5d0c1b5-4585-4308-a682-f87dd73b678f,2022-03-18 13:07:59
13,1-30278b01-19b3-4abd-8eae-490c2381dafe,2022-03-18 14:18:57
14,1-b2ef0d7a-53e6-40a3-aaa4-bd3461b284a7,2022-03-18 17:18:46
15,1-32674d7f-e301-4b92-858d-3bab32db2b84,2022-03-18 19:16:34
16,1-878802c0-3e78-4a21-9b8a-575acba8daad,2022-03-18 20:31:40
17,1-a8fe3de0-3d2d-47b2-8e87-50f63673c697,2022-03-19 09:54:42
18,1-3f28496b-8288-4990-9687-b634bb71b894,2022-03-19 12:09:34
19,1-2f773e05-f57e-41d7-b536-8100a793646d,2022-03-19 15:16:24
20,1-5ca09cca-02e7-41a1-b27c-527a9a773d97,2022-03-19 18:44:38
21,1-40e252a6-c72d-4f3b-94f3-c6eb18cfd825,2022-03-19 19:42:51
22,1-1883040f-1de0-488c-9b90-a70bba65a4ec,2022-03-19 20:39:14
23,1-493cdb86-99a2-4666-92b1-badc5b518947,2022-03-20 00:20:52
24,1-1a5a7af9-8acc-422f-88d9-3c6c0e9970b3,2022-03-20 01:14:42
25,1-e604e164-053e-4005-b977-5d1aef481b47,2022-03-20 13:21:59
26,1-a789b37a-8870-455a-99ea-b136df10855c,2022-03-20 14:28:44
27,1-c5bd6c83-bc9e-437a-8706-9b724a1e7075,2022-03-20 20:06:04
28,1-e8d5a4ea-5bad-4e40-a522-2c8349517332,2022-03-21 21:01:05
29,1-070b7860-2c42-4811-a610-81e0c4b2f42c,2022-03-21 21:46:50
30,1-500d8439-b51d-423e-945d-256eb722bbd2,2022-03-22 19:39:09
31,1-322ef7e9-82ac-4cc2-97d4-7c7bb5e925c4,2022-03-29 19:16:54
32,1-e71f83f0-1795-4e5f-ab0e-a38f2baef382,2022-03-30 19:17:12
33,1-294d64db-9168-4846-99c6-5ae0a49d8e4d,2022-04-01 19:57:27
34,1-d364e56d-fa30-4962-9578-c2f6661745f8,2022-04-02 09:52:14
35,1-bf39e44f-5f1a-43a5-a48c-4d1ed61552a3,2022-04-02 19:06:44
36,1-0f9b27fb-31e2-400e-8694-d9bac2ae7e49,2022-04-02 19:54:31
37,1-64b912d8-195c-4bbf-84ca-76978591830f,2022-04-03 10:13:06
38,1-f63291dd-cefa-4f37-92fa-aff5285a6393,2022-04-03 14:02:42
39,1-31a09f32-576c-4b49-91e0-296872b3b105,2022-04-03 18:31:01
40,1-aab538ab-68a5-4753-a9ed-d15839087673,2022-04-03 21:37:59
41,1-168fe8d2-952a-47b2-bdb1-33b320803b70,2022-04-04 17:37:52
42,1-b39ecb49-4b44-48c3-bf88-6361391595c8,2022-04-05 19:00:13
43,1-93c834ba-b6bc-40ec-bb8f-2b9283b7d430,2022-04-05 19:45:36
44,1-64e9d9e6-9523-4638-8388-192885bc8fed,2022-04-06 17:33:23
45,1-b024821c-9aa7-4d68-ae4f-0a25f2021cca,2022-04-06 18:41:38
46,1-39bf313a-3bfd-4dee-91ea-1d9f9a555b69,2022-04-07 19:23:29
47,1-261c020f-6def-47b7-8ae6-07530c159552,2022-04-08 16:08:02
48,1-f3b43269-6635-498b-a38e-754188272b8a,2022-04-08 18:51:45
49,1-eba5fe03-924f-4b7a-9590-0623c1f43772,2022-04-09 18:09:52
50,1-8c20a2f8-b8e2-4297-8d05-7a636572a73b,2022-04-09 19:12:53
51,1-9b8b7622-3872-447b-b5a1-d63012f9193b,2022-04-09 21:08:16
52,1-3eceb8e7-d309-43fe-bc3b-0f064b4e0a0f,2022-04-10 17:03:06
53,1-e475d9e8-5f5f-40a0-89c5-960d2ceb4dad,2022-04-11 16:37:08
54,1-0d5a120c-4442-4e13-9a46-d48565a6a4bd,2022-04-11 18:00:08
55,1-8284d122-51e1-4f70-bc7e-8f9e9a90d481,2022-04-12 19:25:30
56,1-3a597364-abe4-4e22-997f-7d5cf17029b8,2022-04-12 19:57:06
89,1-991ca7e8-277b-4710-8b9a-8c59636d7a2f,2022-04-13 19:04:36
90,1-f988b272-45cf-4078-870f-5e9ed58f31c6,2022-04-15 15:25:38
91,1-9038f1ab-29c4-4e73-9e17-3a9b3fe73947,2022-04-15 17:05:24
92,1-78c36641-d983-4e94-a2a5-3bd6b9f27e5d,2022-04-16 10:21:53
93,1-b8b8571a-81ad-4db2-88cc-8f038d5c7b8d,2022-04-16 11:15:03
94,1-24ca62e9-e42d-4081-80d3-dc1f8111960f,2022-04-16 12:08:09
95,1-918aed72-cefb-4b80-a2f7-662a82b86cbc,2022-04-16 12:51:20
96,1-4c7d5565-6e1d-4fb5-ac6d-e6d5c1089a50,2022-04-16 18:57:58
97,1-5072f072-3aca-4031-96a4-6a604a00503e,2022-04-16 19:40:52
98,1-6541b178-2a43-4496-b7e4-6e83c753f254,2022-04-16 20:30:53
99,1-c0e429cc-f394-4ea8-99d3-172d924c37dc,2022-04-16 21:41:06
100,1-e03d7f1c-6692-4b4a-b570-f4d69d58e21d,2022-04-17 13:31:31
101,1-08a44eec-41dc-465f-85e6-0fd8a00a4059,2022-04-17 20:46:51
102,1-5f5b8b50-7042-414e-9ccf-a855d2e56af5,2022-04-18 17:41:44
103,1-766561ea-eb4b-4eee-9c25-bfa61cab1184,2022-04-20 20:06:56
104,1-04ba3edf-b40b-4b06-87cc-051c6656919a,2022-04-24 20:13:57
105,1-bfd4312c-6606-47df-b4e8-4ff9ae79c9ce,2022-04-27 17:32:08
106,1-cd8d57c5-2305-4ed3-9508-ed01967a3d92,2022-04-27 18:21:46
107,1-6136e70d-a145-4d1a-8795-c844d86bbd73,2022-05-01 12:46:10
108,1-a02b150e-20f7-461d-a291-22c90c020760,2022-05-01 14:51:11
109,1-de7378f7-5c84-4014-adcd-ffa66c6cf187,2022-05-01 15:51:19
110,1-a90c4cfa-b021-4a88-9404-a0fd78b38ee5,2022-05-03 10:10:36
111,1-f53f6772-98b6-459a-b102-371223c9bcdf,2022-05-03 11:14:44
112,1-cb347cea-6bec-49d4-8c1f-7d4466b9aa45,2022-05-03 14:31:14
113,1-f3d2aca7-d238-46e0-af5a-a2bfbeba9f27,2022-05-03 18:53:46
114,1-23d3e594-321d-48b2-93cb-cbea3a0390e4,2022-05-04 17:41:05
115,1-6d654a0b-06a3-4400-ba02-13553f89d423,2022-05-04 18:13:33
116,1-6138628e-6066-41f4-9b95-74f2aad09781,2022-05-04 19:08:06
117,1-4a634e6c-2e77-48b0-8d8a-1973d6bf553a,2022-05-05 18:25:09
118,1-93663037-dfec-430c-abbc-389e78eb7dd1,2022-05-06 19:54:33
119,1-afd5b079-0822-42d6-84d5-90cf280c57c4,2022-05-06 20:47:15
120,1-bb602d29-e15d-42e5-a6e3-27b83c7761c1,2022-05-06 21:42:14
121,1-f818bbe0-b913-431d-a648-a12542b983ae,2022-05-07 18:17:52
122,1-76bf9fd0-563b-485d-9123-728fef8c7b7b,2022-05-07 19:32:11
123,1-b67e181b-f027-4303-9f09-f50d9b54d5d1,2022-05-07 20:26:36
124,1-05f0c0bf-d3d2-4419-91de-5de87f087e92,2022-05-08 17:31:27
125,1-43f5ff1a-535c-4e61-9718-8240991afca8,2022-05-26 20:02:55
126,1-7e141aa4-7cd5-4e3e-9787-a502d373c436,2022-05-27 18:53:00
127,1-88055f9e-44b6-4fd8-9209-ad52384bbc29,2022-06-07 18:10:11
128,1-1238f4d4-0e92-4caa-a2af-874e1df3f657,2022-06-12 19:01:30
129,1-951c7d31-8157-4cbb-abcd-eae0b55f2072,2022-06-12 20:01:08
130,1-0e2cf0d1-11c2-4813-b1b3-1c5a1f6d6e43,2022-06-14 18:34:54
131,1-7f29e930-3e96-4bed-a48e-c35533435549,2022-06-15 20:33:46
132,1-21a69803-af01-4227-b0db-85f9bd12a91c,2022-06-22 19:12:45
133,1-294dd9e1-23f9-4d8f-a8c3-737d6936be58,2022-06-27 22:09:47
134,1-72e3fa4e-aa6d-47b0-9fa2-04640c2bf99a,2022-06-29 20:08:13
135,1-c589a0e3-cacf-4ea5-9615-02ca4b598afe,2022-06-29 21:09:29
136,1-288c5584-23f8-42db-9782-91f538255318,2022-06-30 16:52:55
137,1-2347f203-868f-493e-86e2-33ead903b775,2022-06-30 21:00:02
138,1-7067e5fb-7398-4225-acfc-1cb874586aea,2022-06-30 21:58:12
139,1-a881e632-2b64-4e5c-8dc8-4e3f499fdd51,2022-07-03 17:14:16
140,1-6f88a852-d5c0-403f-ba75-f2f49d7d672c,2022-07-03 19:14:04
141,1-395df7ad-2e80-473d-aa66-eb6e0080a039,2022-07-03 20:05:54
142,1-c0764ebe-b738-4b74-9c9d-4b8ae7f053ee,2022-07-06 16:54:31
143,1-351e50a9-1598-4fb8-b040-02c26a8db5d1,2022-07-06 17:47:28
144,1-87121888-b5b3-4e9d-b499-44580e208093,2022-07-06 18:37:57
145,1-096ca3eb-5e69-4b91-8f27-25bc9c758940,2022-07-06 20:20:45
146,1-74b974ac-9221-402f-b599-463a65b61fca,2022-07-06 21:13:30
147,1-d7e39901-f7c2-4360-a4fd-4c17edb74cc5,2022-07-07 21:22:00
148,1-651d7fc1-3236-478a-9743-be3ac54f6f28,2022-07-09 16:26:56
149,1-99fdcd9b-f30b-4120-8a6e-8b5e31ed8245,2022-07-09 17:33:48
150,1-dbbd15de-bf7f-4f27-9757-8d66c18f82de,2022-07-09 21:41:28
151,1-2cded8a3-7e61-4488-aaa8-47739b839c98,2022-07-10 17:26:36
152,1-483fa431-60bb-46a8-93ab-2e54ffb427ec,2022-07-10 18:16:46
153,1-70fdde01-ea55-46f9-8092-4d2cdcdecbd1,2022-07-11 19:32:31
154,1-c78052d3-ffeb-4b95-a0f7-e383e9774e10,2022-07-11 20:30:16
155,1-e09c741e-8277-4b94-80dc-b005be7520bb,2022-07-14 21:11:50
156,1-ee459ba6-bb90-421a-8adf-54db9dbec84e,2022-07-14 21:51:39
157,1-0c009ecf-bf4c-41cd-84b0-d429f108c7e9,2022-07-16 10:35:02
158,1-c6dba426-52d2-4767-97fc-c4ff8a747d02,2022-07-16 13:07:08
159,1-2f61c33c-0c84-4df8-a7ec-be815e281c1a,2022-07-16 14:56:23
160,1-7bc6101c-4471-4e12-b860-58b738059c9b,2022-07-16 19:26:05
161,1-fd801664-2b9e-4009-9bbe-5ccbacb8f5ca,2022-07-17 11:38:01
162,1-1b8bb7f1-e922-4676-bbbf-96817e276fac,2022-07-17 12:24:31
163,1-3933d791-5a66-49fb-9d7c-3dec80ec2559,2022-07-19 19:11:54
164,1-649f4937-405a-4a4b-b218-6443a8feb3fe,2022-07-19 20:05:16
165,1-5312fc8d-3971-4b1b-8225-f7df898cc624,2022-07-19 20:43:32
166,1-dc8db286-1ea3-4128-a853-18c676b00324,2022-07-20 19:32:47
167,1-812e4a6b-70dd-44f7-afc2-91a14c97ddea,2022-07-21 10:38:12
168,1-faaa1627-f71b-477a-926d-9cd7dcaa9df0,2022-07-21 16:54:38
169,1-d900870e-c69e-4a74-83fd-f7a914fe7f05,2022-07-24 15:52:15
170,1-2b1aeb01-700c-487a-8ae0-d673ff989778,2022-07-28 20:19:47
171,1-bc1fef25-2a96-466a-a60f-36271af82392,2022-07-30 12:59:40
172,1-b1f46125-5b10-405d-b1d8-090b19f9be9c,2022-07-31 13:55:10
173,1-a58c65f8-3ed3-4678-adf1-f9f08612d83d,2022-07-31 14:36:42
174,1-c88eec97-67d7-4311-93ca-24d6983b25f0,2022-07-31 15:35:55
175,1-82a95756-6e14-4b40-859e-b8559e649c90,2022-07-31 21:06:14
176,1-38ff8036-8893-4c5e-9fde-27b10284d3b0,2022-07-31 22:00:17
177,1-be83a2f6-d982-4796-ab8f-587d8bd13d10,2022-08-01 11:56:21
178,1-1ba70e1c-7b5a-419a-b2e1-6a89dcce385b,2022-08-01 21:00:28
179,1-f98c5a21-b752-45e1-8dc3-4f5087cd0383,2022-08-02 20:59:14
180,1-7e44cf8c-c9b1-40b9-853c-65531e965018,2022-08-03 15:31:54
181,1-627fc903-b1f6-4b98-aa53-dbede6526289,2022-08-03 18:15:24
182,1-ec4ade50-52eb-4293-8d43-0cbb270d2906,2022-08-04 18:35:54
183,1-6584c53f-36de-4fe9-8feb-ece7548b1661,2022-08-05 19:45:53
184,1-33a671bb-3d00-4cfb-aa80-6f4756c90053,2022-08-06 16:12:35
185,1-c6bbb4ad-a617-496a-b1ed-8f7b07b0c63d,2022-08-07 12:32:56
186,1-6477882f-9586-4ad6-9c6c-2f8f0b6a7084,2022-08-07 13:13:12
187,1-2cdb5eed-adad-401d-99ee-283700b2cbb9,2022-08-07 14:05:06
188,1-9b83d418-e08a-4dbb-8d52-ecc86094ddac,2022-08-07 15:03:21
189,1-3a8e0e9d-6180-4af0-80a1-769532e49881,2022-08-08 16:41:19
190,1-6ed73f9f-cda5-4256-9b07-bb8ffb66a2a5,2022-08-10 14:14:57
191,1-31a3f13a-1f80-4347-9316-c7495b25efcf,2022-08-10 15:33:52
192,1-de4505a6-f2b8-4aba-b4d9-7e2522816274,2022-08-10 17:09:16
193,1-b943cc68-6b0e-4a52-86ed-6f48e5431839,2022-08-10 18:31:34
194,1-f3fad23a-980e-4055-9959-3e99c89297c5,2022-08-10 19:21:17
195,1-f3244f66-c8a6-4f64-98d7-aa25c8e51ab4,2022-08-10 20:47:02
196,1-61f184ba-3a29-4d09-8272-4053b720dfac,2022-08-11 12:47:34
197,1-f2de3387-5542-4c61-afdf-88a1e44b7eb6,2022-08-11 14:59:40
198,1-90b67a96-35c7-427c-ba0a-f2061a027d9e,2022-08-11 15:42:37
199,1-236a4aad-f2fc-45bd-bbd2-6d6ffc6c7579,2022-08-11 16:32:54
200,1-c9f9ae94-83b4-4a68-ade9-a84849641783,2022-08-11 20:34:14
201,1-08b031ec-051d-4655-ad7b-498e036e0070,2022-08-11 21:31:24
202,1-0bc6e509-549e-4468-9702-c345e654351d,2022-08-12 20:40:36
203,1-76314067-bb93-486a-8a42-16dd1d4878a3,2022-08-12 21:56:12
204,1-2661eabb-f05d-418b-abcb-b15e346bebf4,2022-08-12 23:21:24
205,1-4ca15718-8c07-4b87-8158-c68d42ca7cfb,2022-08-13 00:15:26
206,1-88c4b3ce-6c54-49fa-9972-d02e09685611,2022-08-13 15:03:54
207,1-ac34835d-a809-4ac7-9178-4e7930613d67,2022-08-13 15:59:15
208,1-f1f11164-9c41-4b3d-826e-dca377d7843c,2022-08-13 22:29:11
209,1-bc1933cc-890d-4478-89d4-29cb75e38b5e,2022-08-13 23:32:40
210,1-36fac85e-5b78-4db0-8958-5a78e56bf3f7,2022-08-14 00:31:52
211,1-89087e1a-3b8b-4c03-9e11-706c7328863b,2022-08-14 17:50:03
212,1-e3748596-c0e0-4852-8174-0f8b79fe38df,2022-08-14 18:38:16
213,1-ad8a0c68-ee4a-4fe0-b239-4e3f75f3c65f,2022-08-14 19:39:08
214,1-8529805e-aa92-4dd2-9225-7436f94677e4,2022-08-14 21:25:10
215,1-4d065e15-fc8f-4cf9-aa22-fb46ebbf2e09,2022-08-14 22:14:27
216,1-faa1ab49-89d4-4a8d-9fce-ed5ad89f3be6,2022-08-15 15:50:32
217,1-76f62ea6-7fb4-4f6f-ac38-52b097105b5c,2022-08-15 22:47:20
218,1-9ced080c-e2fd-4c27-b93f-58ef5b99fb59,2022-08-16 20:06:06
219,1-dfcb1417-b750-4526-8e1f-8f59614368b2,2022-08-16 20:15:12
220,1-9eb802ef-23c1-4b3c-944b-9b8a219cbdaf,2022-08-16 20:50:06
221,1-9fc86980-313d-444e-838f-c756c2d01987,2022-08-16 21:12:16
222,1-de866e21-1a5d-43d2-8372-e7e9ac14f3cf,2022-08-16 21:35:33
223,1-ec3c5ae7-9e6c-4535-982d-b20502d22529,2022-08-17 19:48:04
224,1-8f615583-9584-4eaf-a8cc-b26b3da14293,2022-08-17 20:30:48
225,1-3b86a001-8650-4736-8a5e-9311eac6ac32,2022-08-17 21:54:47
226,1-1ca491fd-0be8-4c29-a3b6-cd1bac4249ae,2022-08-18 22:01:34
227,1-0e9c1a30-7aa6-43db-a422-7085496ed809,2022-08-18 22:41:27
228,1-ce1b5a16-d023-4075-b880-9ad5143e3e1a,2022-08-19 10:08:34
229,1-cf6d1d14-b8e8-4908-a6a6-482a148df934,2022-08-20 19:05:08
230,1-dae0ff25-1d19-4a26-9f18-35ad100392c4,2022-08-20 22:18:09
231,1-e7ef611c-7d09-4929-986a-d028608c833e,2022-08-20 23:21:12
232,1-12f87518-9066-4457-bf1c-c07701b85ae4,2022-08-21 00:00:02
233,1-c053673f-74d3-4cc7-bbb5-86df6f49a830,2022-08-21 19:49:34
234,1-7c14c1ed-59ae-44e6-b3af-931882074373,2022-08-21 20:57:30
235,1-4969f65d-c822-48a1-81d7-bae8d74c7d7a,2022-08-21 21:32:21
236,1-314a54ae-7c02-4a97-ab37-058224021bae,2022-08-21 22:38:23
237,1-ec2568dc-8c01-4018-8854-43cba8678328,2022-08-22 16:48:11
238,1-217da13b-b48b-47d8-9bc2-e0f0ff3ed0ec,2022-08-22 17:41:08
239,1-bdbbb020-edc9-4ec7-b87d-b3aba6c96bb1,2022-08-22 18:59:39
240,1-2467eea3-d16a-470b-b311-0d6519d897fa,2022-08-22 20:02:25
241,1-b0445d18-af6c-4ad0-aab0-3f57a5254e34,2022-08-22 20:57:19
242,1-30307f59-c65d-48cd-8d85-fa24a61c5104,2022-08-22 23:21:42
243,1-d9e0f9c6-48b1-40c1-8a5b-f160d72b593a,2022-08-23 20:40:05
244,1-719e1afc-0734-4f1e-a49b-2d8ddcbbc542,2022-08-23 21:27:34
245,1-13692f67-6f1d-474a-b2b5-0a7e33f3e09a,2022-08-25 18:50:41
246,1-cbc111c9-fe5c-4185-87df-703b6c32a5fd,2022-08-25 20:00:19
247,1-4f31dcce-aab1-42db-ba9f-3add4ce6da83,2022-08-25 20:44:29
248,1-0bd68a20-6bb4-4be9-9b58-c75f60693146,2022-08-25 21:36:03
249,1-f773c52a-7e17-4a87-bf5b-9337128e8336,2022-08-26 19:44:19
250,1-af25d5c4-0eb1-490f-9855-2729698e1df4,2022-08-26 20:43:00
251,1-dcf78474-a556-4c0e-aa89-b95eab1fa099,2022-08-26 21:22:57
252,1-a6b54dc6-5677-42d7-9931-beabb1e8190d,2022-08-28 16:42:52
253,1-633527e3-ec80-4d8b-8a5e-c989606fa926,2022-08-28 17:35:56
254,1-f910667c-d18e-4413-b187-15f360a566de,2022-08-28 19:23:04
255,1-3684e8c3-b28a-4c7d-95b6-238b5210bd0f,2022-08-28 20:17:08
256,1-38def428-ab7a-4938-85f1-8a9d7c4e77ff,2022-08-28 21:32:42
257,1-42e1073c-2a7b-4128-9ae8-9d8dd4eab6f3,2022-08-29 20:04:13
258,1-125c19d7-6693-4ebf-aca3-ba798968119c,2022-08-29 20:58:41
259,1-ca4959bf-b1ea-4fd6-bce8-f7f797792dc0,2022-08-30 12:42:31
260,1-4616505f-d19f-4c87-90cb-3ff41918af64,2022-08-30 14:49:43
261,1-5e8880ac-0a7d-478d-b5c2-34b14a3ffa0c,2022-08-30 18:24:17
262,1-6e3038c3-4f24-481b-ae4d-57dbe03b8cd2,2022-08-30 19:13:52
263,1-50afc346-6212-4884-8a1f-3e7115a0c07d,2022-08-30 20:04:40
264,1-8b026e2f-8209-4503-bcec-01cc1f4675f3,2022-08-30 22:27:50
265,1-7c67d44f-5bb1-4179-b262-4a87820e0e41,2022-08-30 23:17:42
266,1-c042433b-6478-4676-ba3b-528ca3204089,2022-08-31 11:40:52
267,1-0bde42ae-cfea-438e-bd51-4e9261baf661,2022-08-31 13:08:02
268,1-18faa36f-2eb8-4562-a229-a185b984aa08,2022-08-31 13:53:52
269,1-fda83e76-dda7-4328-8346-0ce787b5a304,2022-08-31 19:23:20
270,1-41ca2843-618e-4677-825b-c38389286dfb,2022-09-01 20:00:39
271,1-6c89bb6e-d73b-4b35-9b3b-c2ea7739a56a,2022-09-01 21:06:21
272,1-d5f72638-9d69-4685-88c4-a6b4220e7e82,2022-09-01 21:58:16
273,1-6b61869f-3ceb-47dd-a2aa-bdb3e95fc3c0,2022-09-02 16:29:16
274,1-39447d38-5fcd-48a3-a0df-4f0e900ca6ec,2022-09-02 17:12:56
275,1-f4cc46e7-edea-4146-8e6b-3b4e028fda29,2022-09-02 18:38:51
276,1-1ac0a275-a43a-4108-ba1c-479f3b70222c,2022-09-02 19:26:18
277,1-f4e325bc-88e5-41ce-8404-22e228e5ecec,2022-09-02 22:11:27
278,1-827ed80f-3b45-472a-af09-1764c5b6f4ea,2022-09-03 13:37:44
279,1-2a958add-3858-44b6-b98f-0076407afd0b,2022-09-03 21:41:33
280,1-a294c97c-8cbf-43cb-a100-4756bffd2442,2022-09-03 22:31:03
281,1-ce80828c-4d17-42c3-a8ec-6e8df6d1f452,2022-09-03 23:40:07
282,1-87f861b8-fb51-4f5b-a32f-d7a84afb4158,2022-09-04 13:36:10
283,1-fd8064d2-a8b3-46b4-bd63-22f8a9b2e48b,2022-09-04 14:22:32
284,1-a28b7ea6-5ec9-437b-87c7-62261e8ff838,2022-09-04 15:27:08
285,1-7dd66ca0-988f-4bfb-b1be-cc6b429e558c,2022-09-05 17:51:26
286,1-440b9263-d76e-4fcc-9daa-314f25ae1dff,2022-09-05 18:51:05
287,1-2869589d-0788-441b-9c47-3808617db42b,2022-09-05 20:30:10
288,1-d2ff6b07-59ac-4cae-bec8-65ef097b2040,2022-09-06 13:07:56
289,1-cd53bb4c-cfc0-423b-9213-dc199f53eef1,2022-09-06 17:10:38
290,1-1da33f60-ad1a-40b2-ad65-c490cc789429,2022-09-06 18:03:34
291,1-f9b3e5f5-c00a-4b13-a772-1bc1aa072e65,2022-09-06 19:23:53
292,1-62ddd509-eb50-465a-9688-c2ae523d3277,2022-09-06 20:22:21
293,1-12d5ecb5-d7b0-4dbf-9abf-d903387a0e8d,2022-09-07 19:14:28
294,1-3dc3e0a1-dd20-4478-95b2-af0acea1b9c1,2022-09-07 20:47:21
295,1-9c84eb42-7966-43cd-993d-036c19c1fbee,2022-09-07 21:37:50
296,1-89546d04-abc8-4b5b-b9f7-79646633b811,2022-09-08 12:04:16
297,1-df4ab911-0349-43a2-9984-9f05e6abb61e,2022-09-08 13:19:20
298,1-51530d32-a136-4423-a61d-5baf9f18c5ee,2022-09-08 18:11:14
299,1-c5a48d44-497e-41da-98f8-fc3c699beff3,2022-09-08 19:06:22
300,1-466ab03d-d013-4b35-916c-b4613e28a90b,2022-09-08 20:18:48
301,1-675c11d0-1c34-4870-9509-b82e6b18952e,2022-09-08 21:42:58
302,1-e0bbf8be-3562-45c3-8f37-3b227ee0553b,2022-09-08 22:40:49
303,1-c7693f56-2f38-473b-b0af-1ecfa6ab706b,2022-09-09 18:58:28
304,1-4ad3fb13-59e3-43d3-add2-20cb22b2cda7,2022-09-09 20:45:21
305,1-7b2a72c0-e0df-4939-a2fc-6d2aacaa097d,2022-09-10 00:41:47
306,1-c444768f-b179-4bb9-8c39-45a4b226cb77,2022-09-10 12:34:43
307,1-5b7dc49e-4a37-4286-9db0-c04b97dcbdc4,2022-09-10 15:26:29
308,1-08ceb2a6-b779-465b-9ba7-af8b1a8a5ced,2022-09-11 13:47:09
309,1-31c2192d-806d-4633-8499-268b3f06cb6c,2022-09-11 17:43:32
310,1-4697f133-7642-47ac-b3c6-e4b8f6bc4223,2022-09-11 20:35:18
311,1-9000e49c-e396-4bae-9124-b896a9d7264c,2022-09-12 19:10:03
312,1-c08b21f6-24a5-47a9-b853-68e562ef5230,2022-09-12 20:12:33
313,1-26531722-c108-438a-9844-b02564f4e450,2022-09-13 19:50:07
314,1-3a6a63c0-2268-47ea-839c-a61ba82e5d97,2022-09-13 20:46:23
315,1-4e3cbb9e-8306-4318-ad51-ef9e0f3d3d07,2022-09-14 11:37:39
316,1-66da65ea-bcf4-4019-aaed-b06dc6604c95,2022-09-14 12:36:46
317,1-6daf5398-761c-4ea9-b92d-f91a3cfb7e36,2022-09-14 16:36:01
318,1-2fd2f1c4-3616-4510-b169-0177eb07da8b,2022-09-14 17:41:53
319,1-c6fd2fd0-ea45-47dd-b2dd-85f1f36ee215,2022-09-14 19:35:35
320,1-71b83cc5-99cc-45c9-b2ec-93c796de6ffb,2022-09-14 20:39:58
321,1-9f1d45c6-bd57-47e9-bf35-4b22e12c9ea8,2022-09-15 17:09:48
322,1-a22b71ce-089a-4823-8f27-5d71b1a64e33,2022-09-15 18:11:02
323,1-a16cf845-15bd-4a6e-b832-91ada7d7c261,2022-09-15 19:48:22
324,1-849db504-6c9a-47d5-b6e9-447ada40ae77,2022-09-15 20:46:13
325,1-a1aff33e-e301-4d93-b378-d9f2e2bdb3de,2022-09-16 21:30:41
326,1-b292bfe4-d0a0-4f7b-b32a-d9ec9d8c1ae7,2022-09-16 22:42:09
327,1-c7f6a8a6-cf36-445d-8829-21730879a258,2022-09-16 23:36:12
328,1-092e4457-8a80-4c03-a23c-c113a4e0fa84,2022-09-17 01:09:32
329,1-4e80393b-9105-47d2-a549-ab47ab6e0dcb,2022-09-17 02:34:29
330,1-6e9f8d6a-aad5-4d7e-82a5-23af95312b18,2022-09-17 03:42:28
331,1-7909e6fa-f4d1-40cc-9f49-62a67138ecca,2022-09-17 18:44:06
332,1-578481b0-5c40-49aa-a489-655a39e073a2,2022-09-17 20:34:31
333,1-388e8071-176c-4877-b878-7740f33dda0d,2022-09-17 22:37:53
334,1-01ea4a79-b736-4894-801a-9205f67314af,2022-09-18 00:17:14
335,1-1ea42311-f156-46a9-a60e-77628fcef341,2022-09-18 01:00:49
336,1-054b4f4c-1eb5-4a0a-89e0-890e37a55a62,2022-09-18 11:27:49
337,1-225792a6-44b6-4520-bc7a-dbba1b8b7939,2022-09-18 13:50:27
338,1-2e56778b-db96-4a4a-8888-0556260a8070,2022-09-18 16:37:08
339,1-f6f08d64-aaea-4226-b85a-7c83f70d22ab,2022-09-18 17:30:44
340,1-fde2a114-7eda-4085-bdae-9f1130c1d598,2022-09-18 17:31:42
341,1-89a7d29a-336f-485f-8cc0-bf53575495bb,2022-09-18 18:18:27
342,1-178b1efc-8393-40cd-b4de-8182a6728e4d,2022-09-18 19:12:21
343,1-118f5256-8513-4bfe-bad1-4c7a557eb1af,2022-09-19 16:29:46
344,1-906f3339-fe3d-4c4f-bb59-04cfda75f254,2022-09-19 17:43:29
345,1-9c64af5e-8ffc-486e-8937-cb826ad33446,2022-09-19 18:55:39
346,1-e98d42c2-cb91-42f6-b3a4-715434f2eb43,2022-09-19 23:50:36
347,1-c47a62bb-eeba-47c8-b034-0af2549f024c,2022-09-21 17:12:06
348,1-83aeb451-a04f-4ec4-aca8-3c9a3dd0c1e3,2022-09-21 18:09:08
349,1-77048c3f-534b-47e0-9054-5507da99cbb1,2022-09-21 19:03:18
350,1-b0e84ae6-ab78-4104-bd32-a72765c0e165,2022-09-21 20:15:16
351,1-fde8de58-8387-4735-a1f7-4a5b29c19586,2022-09-21 21:08:26
352,1-de759419-aff5-4e22-8b80-aae85a90950a,2022-09-22 17:35:29
353,1-79e8265c-ed6a-4fe0-bb88-cf41553d2823,2022-09-22 20:21:34
354,1-ae29426d-f05e-4697-862d-6abb4f5c7839,2022-09-23 18:31:33
355,1-db344889-6474-4a4f-9fbc-fee4529e1de4,2022-09-23 22:03:42
356,1-067f6576-3c3d-4118-b0f6-4517ab9e3ec4,2022-09-24 21:35:37
357,1-ba57707c-4afe-4721-8ae3-127dc75b7b38,2022-09-25 12:58:18
358,1-5c39da42-067f-4fb9-9c98-96c298d023e9,2022-09-25 13:58:44
359,1-9af49e56-a758-47a4-bbc0-c1ab607c83a5,2022-09-25 14:45:53
360,1-30de60bf-eae7-4b55-8c3a-5d751fb8b1ab,2022-09-25 20:56:46
361,1-8d7da610-fea9-4ab7-aa44-e027484443ec,2022-09-26 18:24:09
362,1-db587ac0-6010-4a28-93c6-06f3dc134154,2022-09-26 19:41:19
363,1-a0d3679b-2b95-455e-8716-a7a276fdd6f1,2022-09-28 21:19:39
364,1-8bb4c98e-a9df-4029-a4b8-31f0c20e202d,2022-10-01 11:23:57
365,1-f462f923-a63f-4efb-a368-c7fb8794fb5f,2022-10-01 12:16:15
366,1-76cf442e-4d82-4d2e-bc68-53b1c06e1a6b,2022-10-01 17:16:17
367,1-5f997ea9-27a3-40f1-8b42-a05cb7c8962f,2022-10-01 18:00:05
368,1-f6b7d560-8bae-4e88-ac37-789337033cc9,2022-10-01 19:00:12
369,1-b60c9653-a20f-4426-82bc-458d31856c88,2022-10-02 11:20:34
370,1-dac9d8a9-3cd9-4419-9545-0fc1f5837c08,2022-10-02 12:44:59
371,1-eba089e6-a6e1-49e6-9620-b72ea90ff2ff,2022-10-02 13:57:14
372,1-f28481e7-ae27-4165-a8e1-a049b8368b51,2022-10-02 14:59:59
373,1-8bec6b31-f24f-4c4d-bf7a-a6e9521a7eac,2022-10-02 17:07:49
374,1-af0455bf-205e-4003-b389-9be33c0a740e,2022-10-02 17:55:40
375,1-dbba116c-06e0-4304-9d91-be5dde09b060,2022-10-03 18:21:42
376,1-b89a43c7-73e6-4e24-afd4-8312a1449e37,2022-10-03 19:22:47
377,1-2c9ffcca-c6d1-44b9-bf6e-03f4cf945963,2022-10-03 20:08:07
378,1-a543fb42-9872-4df2-b691-d8d0e04648cd,2022-10-04 10:01:28
379,1-4a5175f5-b819-4bce-a092-3ca86bab1274,2022-10-04 11:05:15
380,1-29c6752f-9da7-4ddc-af20-34c68a48dde1,2022-10-04 12:01:01
381,1-a4a95938-bd6f-4348-a4d4-1277574c696d,2022-10-04 18:58:07
382,1-dc149cca-eabb-4bed-ac32-908e75b4aa69,2022-10-04 20:37:34
383,1-d5b38760-952f-4e2c-8d8e-193f810fb0ec,2022-10-05 12:21:31
384,1-b914547f-7c72-4c82-9066-d6e96c2adf6e,2022-10-05 13:50:55
385,1-ff907f2b-a3e3-45b3-bdf9-5e3956ac2fca,2022-10-05 18:19:11
386,1-7b1a1b52-36ee-4d1e-bd64-e14b40f9ca5e,2022-10-05 19:42:24
387,1-81b66f61-1c85-4ece-9724-e81d11f35ac1,2022-10-06 12:07:38
388,1-6bf9f158-17a7-488f-9e71-308946c0f725,2022-10-06 13:40:00
389,1-a618f73b-3865-47b2-a362-cbe2310c5166,2022-10-06 19:54:21
390,1-6802c83f-e306-4e9c-b3e8-28457a593f8c,2022-10-06 20:36:28
391,1-43804048-bbce-4b5a-8c19-ed329b1b6228,2022-10-07 20:56:45
392,1-dce88613-8f36-425e-aea4-6a4f44b954a2,2022-10-07 23:10:34
393,1-f6de7e02-dccb-41f4-bc09-9dedc1c284c3,2022-10-08 12:39:34
394,1-b50899aa-11f1-4646-9869-0c18e760b71c,2022-10-08 15:46:35
395,1-e721f4f9-47fb-4a01-ae03-06c737e3f376,2022-10-08 18:44:49
396,1-cc634dc1-b4b2-4517-9a12-5846674c9c7b,2022-10-08 19:55:25
397,1-c291ad11-05e2-4235-b18a-cf982a6d3c31,2022-10-09 00:37:58
398,1-8ce503ab-1812-41dd-ab2e-b1c6c2730033,2022-10-09 01:25:39
399,1-08949c7b-9394-4247-9d1c-ce06c9d7e794,2022-10-09 14:56:06
400,1-2b3f1d7e-bc97-4b51-a761-896b8d87e8dc,2022-10-09 21:52:31
401,1-021989ce-3a4b-41bb-9858-bee48451577c,2022-10-09 22:43:09
402,1-8e5ffbb0-f662-45cb-a3b9-0b050497eeda,2022-10-09 23:44:29
403,1-b09288f1-1daf-4a15-8bf3-be03ec1048a2,2022-10-10 00:38:23
404,1-9ded684e-1222-46a7-bad0-5331fdc3093c,2022-10-10 10:58:00
405,1-2c126e76-a4de-4c8f-b3d1-75228ea23c82,2022-10-10 12:00:20
406,1-118f9ffe-7744-4392-bbb0-da5e59fd0767,2022-10-10 18:15:41
407,1-dfa34b7d-1bbd-4803-8690-18f42bb28252,2022-10-11 18:59:25
408,1-3f2270bc-43db-4b33-b932-bff74fd08fea,2022-10-11 19:42:35
409,1-8766633b-7710-4050-87a4-1600d25453b6,2022-10-11 20:55:51
410,1-25076e41-12da-4d74-86cf-2059abf771ff,2022-10-11 22:20:21
411,1-d85ecdd6-5c70-4911-962d-a4c5a8fa0171,2022-10-12 16:33:07
412,1-d4302f63-497c-4f8f-8be6-b8893c9e9494,2022-10-12 17:47:53
413,1-138bc1ce-e22b-44ed-8a76-c337a7101fad,2022-10-12 18:42:33
414,1-2b24dc38-b5ba-49d6-b722-742715c48eb2,2022-10-12 21:44:19
415,1-874fa0c3-55df-4f44-ac2a-9088520caa62,2022-10-13 13:02:24
416,1-74760e80-b883-4e83-9ae9-7810a2d93a5c,2022-10-13 20:15:28
417,1-a586cd60-626b-4baf-975d-bd74c44befaa,2022-10-14 20:50:39
418,1-13316402-74fc-4582-8b46-482cbb54248e,2022-10-14 21:56:53
419,1-2e4007d6-bb1e-4c5a-8b90-a316bc77422b,2022-10-14 22:44:58
420,1-5982addb-ef81-4749-93f6-c1916cbe7040,2022-10-15 00:45:28
421,1-e956b43f-7497-4e3b-8e1b-bb9e26ebb1e1,2022-10-15 01:49:47
422,1-b660c052-e0a7-4af5-881f-e10a2192f9bf,2022-10-15 02:54:16
423,1-52b836d8-dc12-4381-ba33-0cf59def2d6b,2022-10-15 04:09:08
424,1-d8d231ef-91fc-42fd-8da4-1501851649b0,2022-10-15 14:36:36
425,1-9a2e985a-c9fd-4a3b-8a3d-ce8c19e529e1,2022-10-15 20:21:58
426,1-33b03d8a-482b-46e9-81d9-fec56541b901,2022-10-15 21:24:39
427,1-8a269ea0-24c5-4eee-9b65-ca39fe9c9b90,2022-10-15 22:19:48
428,1-ae040088-ccdd-4a9a-865a-73afb376c4e5,2022-10-16 19:03:09
429,1-3013c0ad-fbfb-4e48-9730-087c2981d5fb,2022-10-16 20:46:22
430,1-c6e43d05-cdf8-44fb-a136-0ef45bced786,2022-10-17 13:11:40
431,1-d83ee0d5-dacd-4ec8-a896-1cb7dcc8d665,2022-10-17 17:08:33
432,1-9f432755-eb2c-4610-ac4a-311a9a3244d4,2022-10-17 17:58:44
433,1-5acd8495-500b-466b-a36b-c82b508b3ca1,2022-10-17 18:54:34
434,1-3bb3e1b4-f4b2-4d12-b0b9-b50ad6dfda6a,2022-10-17 20:30:47
435,1-44ffc66d-ef4c-4fa6-8e76-f41fcbd60d7d,2022-10-18 17:19:15
436,1-d35a0176-2fdb-40d1-ac42-d2b28c150968,2022-10-18 18:07:00
437,1-147b8437-6647-45c5-a9e7-d7fa28898999,2022-10-18 20:11:17
438,1-24c2a170-3c79-4f1d-8bd2-faf1369661a7,2022-10-18 21:25:21
439,1-c8826fef-1907-4df2-a868-28866c538eb5,2022-10-18 22:30:18
440,1-934ec8d7-fb0a-48fe-ba67-8608783bad39,2022-10-18 23:21:53
441,1-8ca895dc-0b09-4d7e-b710-937c3d993995,2022-10-19 19:42:38
442,1-58af6e98-193d-413e-938d-6869027bb783,2022-10-19 20:42:05
443,1-c737847f-755d-40cb-bb29-4adae8fe75ed,2022-10-20 13:31:57
444,1-a52ac30f-4be2-45c5-9168-64383957f3a0,2022-10-20 15:02:27
445,1-a3bb5006-6656-405c-8b2c-d34ab470d337,2022-10-20 16:14:18
446,1-3875c09b-cda3-420a-a0ab-af3191d5efe8,2022-10-20 17:21:27
447,1-91094287-a453-43c9-8134-43b7ab6505f8,2022-10-20 18:18:40
448,1-13d05b3f-04dd-46f3-891f-773e4688e806,2022-10-20 18:54:51
449,1-b93891c5-c847-441c-8a36-1f5c204b9fb9,2022-10-20 20:14:17
450,1-4606fa50-f615-4113-aef5-c7dd88b34e87,2022-10-21 15:30:13
451,1-c38ae2ea-6401-47b7-8aab-d2fd62383f6c,2022-10-21 16:19:33
452,1-18883de7-6153-420e-b7d1-1ef02cfe417d,2022-10-21 20:27:52
453,1-27496b17-5ef3-44ac-81a8-6996a8bd2cf7,2022-10-21 21:26:24
454,1-71c276b5-ec19-414a-9576-e23228b1f6aa,2022-10-21 21:27:15
455,1-b7f2a613-be7d-404f-b636-eab3052a7c14,2022-10-21 22:26:29
456,1-d2f562f0-0cae-4f19-a9dc-4eebefd467f5,2022-10-21 23:24:18
457,1-aaeca186-cd88-4a1d-8b1e-a258eb964e38,2022-10-22 12:07:44
458,1-8b0bca96-d4da-41e6-8601-fb0a071d942c,2022-10-22 14:23:27
459,1-19fb9e95-295f-48a4-bb89-ae702ad18bc8,2022-10-22 17:10:00
460,1-deed171b-2e82-433c-87c4-fc63d4503561,2022-10-22 18:00:49
461,1-f26a264a-257f-401a-8627-8e2d12888151,2022-10-22 19:21:28
462,1-84ab603f-67d2-4f29-8f9e-be6b6c035740,2022-10-22 20:37:30
463,1-431aae9f-a27a-42d5-b806-bafce0282e0d,2022-10-22 21:39:02
464,1-3c2c1483-abce-4bd9-b382-da32e1353dbb,2022-10-22 22:21:14
465,1-e8c06ff1-873d-4adf-9238-62eac5d38712,2022-10-22 23:19:33
466,1-cdce30d6-7be9-4f90-a823-501c5ae1cbfe,2022-10-23 00:12:51
467,1-ea39039c-d72e-4f17-af40-dc94964d0e1a,2022-10-23 10:23:01
468,1-72fdffb1-12ba-40f1-9a9c-6587ea57aa08,2022-10-23 11:13:18
469,1-698f018c-d60f-419e-8cb3-4d33f575e2d4,2022-10-23 12:10:20
470,1-5e1703ee-a3e4-49d2-a034-c6c7e4a70182,2022-10-23 17:00:04
471,1-b15fd89f-7a92-4ca8-a9aa-e174880e1f07,2022-10-23 19:20:40
472,1-bd13665c-c255-4036-8609-c3d96d4d5651,2022-10-23 20:14:06
473,1-8d9c7ebc-9c63-4598-94f3-2597b9ad3bf3,2022-10-23 20:32:01
474,1-dfca0b55-1acf-43f7-aa5c-2362763dc528,2022-10-23 21:56:44
475,1-cad3d55f-144a-417e-806a-8c8f83df3917,2022-10-24 09:55:42
476,1-34660c0c-a9df-4310-bdde-64290fa60828,2022-10-24 12:51:53
477,1-dd0d5979-8db8-4d2f-9edf-e9099c68c4ef,2022-10-24 12:52:21
478,1-c219b1d4-c49a-42e3-9f98-14e690a4a706,2022-10-24 13:42:16
479,1-ec95f1b9-3726-4828-aa5a-c13d5a8257ae,2022-10-24 14:09:14
480,1-d26e9954-9d87-4474-80e7-5235675b8def,2022-10-24 17:54:05
481,1-36febc2e-700f-45d6-b9d2-04240d282e26,2022-10-24 18:04:10
482,1-be520dc0-7e33-4d85-a59b-bd8a7b1a97c5,2022-10-24 19:12:41
483,1-e64d788a-2742-4e6d-9613-d1ca90bf488a,2022-10-24 20:14:14
484,1-1c268acf-c442-4e00-925e-11ff642745bd,2022-10-24 20:45:09
485,1-7da21929-efff-468f-baf9-5fd83b254504,2022-10-25 09:16:07
486,1-539c44fe-5083-476c-9a92-95a35c0f4155,2022-10-25 10:15:32
487,1-7ac417a5-b9e3-49b0-943b-1a9c9422043d,2022-10-25 11:30:07
488,1-4cf0dd3f-772d-442b-99ef-cdfea934f579,2022-10-25 14:06:03
489,1-fdcbc029-a589-4443-b414-2501b42b8eb3,2022-10-25 15:15:43
490,1-68bf63da-a4d7-4f98-bce7-8c7a5ceb60dc,2022-10-25 16:20:07
491,1-17a10388-21c4-4127-8a03-92234fbd5783,2022-10-26 11:43:22
492,1-f7c0a72c-5b80-4346-b5e5-d5ff4277f891,2022-10-26 12:27:08
493,1-1d5da1e2-494f-459c-822c-b42b6bb757e2,2022-10-26 15:54:58
494,1-490d8c3a-11d0-4312-998a-1763eb9539a6,2022-10-26 16:56:03
495,1-036a9718-7a1b-42c7-8bd2-3959b1685c67,2022-10-26 20:49:21
496,1-fddd19ae-60a5-409f-92ba-7dca6b867d73,2022-10-26 22:04:22
497,1-dead4e92-830a-4b1c-84fc-f6569d70d6af,2022-10-26 22:56:44
498,1-14d9cbfa-0301-4dd5-b906-4b8236234f34,2022-10-27 20:18:09
499,1-753a58d2-d334-4808-aaa9-2298cdec5226,2022-10-27 22:28:16
500,1-c32686ae-59a2-4621-b636-a83573d19f71,2022-10-27 23:16:27
501,1-0428d186-53e5-4d1d-a303-27da23b265b9,2022-10-28 18:39:54
502,1-28ad2a94-84d2-47b4-84c9-08d0a32a2dc4,2022-10-28 20:00:38
503,1-36be4ae1-dae8-4f01-9013-3f44b6a3a99e,2022-10-29 12:35:52
504,1-aebe77bf-e4ed-4169-bff8-19df68c5316a,2022-10-29 13:34:53
505,1-d048fe7d-8a0e-4075-b2c2-be38ad44db8c,2022-10-29 14:24:41
506,1-9eee4ab2-5760-440f-9081-9bcdc5a7fc5c,2022-10-29 21:00:24
507,1-111d6433-98c2-44f3-8de2-f66add1b4244,2022-10-30 18:35:27
508,1-617d3f53-1501-4acf-be01-9189eb6fbde2,2022-10-30 20:18:28
509,1-9443e3ad-ab2b-4fca-a885-3e966264dafa,2022-10-30 21:00:09
510,1-f133c7d2-7c45-471b-9ead-95c573e6cee2,2022-10-30 21:41:00
511,1-4d2d3b5c-24e7-4f92-8b92-1fe36c566812,2022-10-30 22:19:35
512,1-48f9dec2-edca-4e65-a725-ab70c52df94c,2022-10-30 22:57:53
513,1-f3d83fb3-9e4b-46fd-941e-971792888b0e,2022-10-31 19:50:01
514,1-f6ee7b00-b68f-4dc8-bc9d-203d3d8c3b58,2022-11-01 10:05:45
515,1-a25ebd49-5dc1-4c42-bc76-34b10c38c94b,2022-11-01 10:53:11
516,1-dc804892-a31b-4966-accf-50b011f214c4,2022-11-01 11:38:10
517,1-87eef1f3-3ece-42a0-8c2b-7875455ef6f0,2022-11-01 12:30:39
518,1-2b3fbee8-8894-47ed-a575-dada64c1fc5c,2022-11-01 13:39:26
519,1-3cc9217d-4513-4a46-a160-d50423e1776d,2022-11-01 16:23:19
520,1-39856f6c-4cd1-4078-a6b7-d7a16d04a536,2022-11-01 17:17:00
521,1-c651374e-0526-4130-9311-14db561d531f,2022-11-01 18:50:26
522,1-3bb4c1a1-681c-4a73-9885-07b4464ddbb7,2022-11-01 19:52:42
523,1-ee7c0266-d7d1-46e7-a0b9-139c1c3a0a28,2022-11-01 22:25:17
524,1-02ea2646-1982-4ec2-bcb2-25315af823b9,2022-11-02 09:57:36
525,1-35d698a6-72c8-43d6-a46d-0a31beced30d,2022-11-02 10:57:54
526,1-bfbed3df-a58b-4f49-98f6-d96ef331ae6f,2022-11-02 11:44:57
527,1-6efc125f-37ff-424d-834f-fb62be706f77,2022-11-02 12:48:43
528,1-0f1404de-0f76-4f54-ab1e-76de99c0cd1b,2022-11-02 14:49:19
529,1-2694ecc6-db35-4a01-a41b-2ed8d1fa0abf,2022-11-02 17:19:26
530,1-58ad1bd4-7b57-46f9-9e22-2a6419cd53a5,2022-11-02 19:44:17
531,1-374e2ea5-1b1e-4d07-a17e-7567bb19f3d0,2022-11-02 22:14:08
532,1-b7753025-2635-4caf-af35-3f255d3a4caf,2022-11-03 13:07:54
533,1-ef3cd13d-1a55-48eb-b3cf-ba0ba4944846,2022-11-03 14:21:06
534,1-2e38af47-c3f7-4c82-b97c-95100488a03d,2022-11-03 17:13:45
535,1-0615c4ba-ad54-4212-8ddf-ec72a8b53a1d,2022-11-03 18:15:22
536,1-83a0e901-fded-4845-92fa-a3aec9da50b7,2022-11-03 20:17:52
537,1-23a27c9b-f2c3-4344-b517-74dd60ef48df,2022-11-03 21:08:43
538,1-13e4bb85-671c-4036-8310-da8451be6d17,2022-11-03 22:02:36
539,1-6060503f-5760-41dc-8d87-c9c04bbc0b4c,2022-11-04 17:47:39
540,1-454c049d-c648-4b78-a35d-963977e7b6e5,2022-11-04 18:48:43
541,1-813669fa-71cf-439f-adac-074ff1bae936,2022-11-04 19:41:37
542,1-d080505e-7156-4815-99ae-cbc0543be1e7,2022-11-04 20:53:35
543,1-b3de15ed-232a-4d01-8567-7cfdb804ec76,2022-11-04 21:48:14
544,1-f26b427d-7540-434f-98f0-7b6b0544c0cf,2022-11-05 09:49:08
545,1-fd70dfcc-0a05-4d80-b7f5-a88806a00a45,2022-11-05 11:28:05
546,1-4c175b4f-c79b-4b5f-b333-8d6e814537b8,2022-11-05 12:32:16
547,1-fd6b639a-d531-44b1-af8c-5ff505358b3b,2022-11-05 13:17:36
548,1-dd00b58c-da9e-4429-9edb-14ede50640fd,2022-11-05 15:16:27
549,1-0cd7f7f0-cd44-4f10-824a-a4244790bb2d,2022-11-05 16:24:28
550,1-c4c059a2-db1f-4efb-a9af-615569918e81,2022-11-05 19:28:11
551,1-a32c43d3-fcda-454b-a378-7b9a4b82dda0,2022-11-05 21:16:22
552,1-c4fc4484-83e5-4eec-8348-483f45f10e58,2022-11-05 22:13:54
553,1-f9e4aea0-36e8-4930-8870-c879e41b3579,2022-11-06 10:56:44
554,1-28e47b0d-42a5-440d-b225-f1e913874474,2022-11-06 11:49:27
555,1-3dd584b2-c245-43fa-b287-a3740c3242fe,2022-11-06 12:29:16
556,1-eee4ba9e-e5b1-44ac-b382-7e8ab1ea2d15,2022-11-06 13:08:38
557,1-ae80ebd2-e03a-4311-b87a-b22e0c1ce8d3,2022-11-06 18:00:12
558,1-94f064b8-53ca-4a2c-9324-254fe1ad6e37,2022-11-06 19:02:28
559,1-64c209c0-0870-44f9-8c74-229305394502,2022-11-06 20:21:30
560,1-b8be0c84-ec59-43c6-a1bf-c9382eeabfec,2022-11-07 12:37:59
561,1-385bd577-01d8-48c8-b60e-ea99fd24ce26,2022-11-07 13:27:26
562,1-6d875f6e-ec9b-4ee0-9111-063d353b81bb,2022-11-07 18:41:45
563,1-232a8363-d480-4240-8064-1132cdb9fa12,2022-11-09 12:36:35
564,1-868ef841-792c-44ab-9da6-9bbfeb5b9bd5,2022-11-09 14:13:28
565,1-2d26916a-21f3-46af-bedd-18daca9718a5,2022-11-10 09:55:42
566,1-6f3e9b48-4fac-4879-a76a-565d96d5f548,2022-11-10 10:55:44
567,1-fbb9d772-80f5-4bf7-9d4b-2933e4814717,2022-11-10 12:11:07
568,1-19af0cef-82c0-46ef-9521-351d948e7d35,2022-11-10 19:28:47
569,1-3de0e027-fcff-499f-950f-42c809809897,2022-11-10 20:28:27
570,1-4a1c0496-5879-4a04-9522-3fe7bb7347fc,2022-11-12 13:00:41
572,1-37386459-eb76-4865-afe4-49d598ed3e3b,2022-11-12 13:51:00
574,1-2bd1b088-5728-4779-8768-2908d50e1ad3,2022-11-12 14:40:11
576,1-1b8a3ffc-ab0c-4aeb-8cde-d721c445261b,2022-11-12 21:10:23
577,1-0f031645-23d4-453f-8037-c03ff9625af4,2022-11-12 21:57:15
578,1-89a01142-bb05-46c5-a520-e0b6ed72ec8f,2022-11-13 12:44:01
579,1-1f4474e7-3b67-4214-b718-a662ba460112,2022-11-13 13:41:03
580,1-b70a5937-03cc-4c37-b291-0020be715eca,2022-11-13 15:13:43
581,1-fa4b535d-8b44-466b-9cbb-9b00a3493241,2022-11-13 16:15:34
582,1-ad93520e-61bf-4af6-8e7f-bbc7e01076f2,2022-11-13 17:07:50
583,1-7e433857-d628-4ad7-b155-bbfc8dd6ae56,2022-11-13 17:57:07
584,1-af013208-3d83-49d2-bc11-69e6e80bc9f6,2022-11-13 18:47:07
585,1-3ffe84ca-93af-425e-ae24-75378943e58b,2022-11-14 20:23:03
586,1-a669f2a5-3538-40a4-b64a-dc06eb9ee660,2022-11-14 21:24:43
587,1-252e9ae6-a2a0-404f-9c4d-01d71469e096,2022-11-15 16:25:40
588,1-1c12b313-5be5-470a-acca-dcbe2bfedce9,2022-11-15 17:28:00
589,1-65628247-63a1-40ed-81a7-52f56880121d,2022-11-15 21:05:29
590,1-5007f76c-739a-4f03-8850-24067318f44f,2022-11-16 12:50:33
591,1-fdd688f3-2dcb-464d-8ba4-af4f2861cb10,2022-11-16 19:36:34
592,1-ceca23bd-436b-4949-a6be-3a91b3386569,2022-11-17 20:21:10
593,1-7e9661dd-f29f-4593-995f-77d480379c00,2022-11-17 20:22:55
594,1-a7d030b1-2341-43fc-a660-4064b4d165f3,2022-11-17 21:01:54
595,1-214b387c-eefd-43d2-80ca-aed74f4ea669,2022-11-17 22:01:48
596,1-6b362291-3e81-41cb-9dcf-791bb02ba16d,2022-11-19 15:48:22
597,1-5186a551-e6ba-45ce-ad0e-7c982b487f30,2022-11-19 16:21:16
598,1-4eac3242-e385-4d82-9545-6c46a816f4b5,2022-11-19 17:28:58
599,1-0b309d23-0494-47d1-b836-2e6e0368bfca,2022-11-19 18:09:17
600,1-2d0f807a-4bfa-48a2-8d4b-acca006a168b,2022-11-21 15:49:09
601,1-7d63d7d7-1f5a-484d-b03b-51f1ae220411,2022-11-21 16:51:24
602,1-1bd55343-0b32-497b-ae9b-5ea4210ebb16,2022-11-21 21:02:18
603,1-9a1f1635-9484-47a8-a50e-2592ba5731da,2022-11-23 21:01:56
604,1-7fc64f6d-ecf2-47c7-b265-1d91a1f5617c,2022-11-25 20:24:53
605,1-a775def8-89b4-4015-909e-2239c2812d84,2022-11-25 21:21:13
606,1-bf46c424-e55c-4e27-841c-d348cedca572,2022-11-26 14:55:50
607,1-a7ef20e1-0aea-48f1-8d41-089c57e738e6,2022-11-26 21:39:27
608,1-faa9852d-669b-4fb6-8a0a-9a9a243055f8,2022-11-27 10:27:19
609,1-619ceef3-3255-4564-944b-2c0d715a60d0,2022-11-27 13:25:52
610,1-429401f4-5051-46e7-858f-10d559ce578b,2022-11-27 14:11:43
